<?xml version="1.0" encoding="UTF-8"?>
<metadata xml:lang="en"><Esri><CreaDate>20130304</CreaDate><CreaTime>20324600</CreaTime><ArcGISFormat>1.0</ArcGISFormat><SyncOnce>TRUE</SyncOnce><DataProperties><itemProps><itemLocation><linkage Sync="TRUE">file://\\PAUL-PC\Users\Paul\Documents\Rick\GST 102 - Spatial Analysis\Learning Modules\8 - Raster Data Analysis - Density Surfaces\Data\TGR48355lkA</linkage><protocol Sync="TRUE">Local Area Network</protocol></itemLocation></itemProps><copyHistory><copy source="C:\Users\Paul\Documents\Rick\GST 102 - Spatial Analysis\Learning Modules\8 - Raster Data Analysis - Density Surfaces\tgr48355\tiger\TGR48355\TGR48355lkA" dest="\\PAUL-PC\Users\Paul\Documents\Rick\GST 102 - Spatial Analysis\Learning Modules\8 - Raster Data Analysis - Density Surfaces\Data\TGR48355lkA" date="20130304" time="20324600"></copy></copyHistory></DataProperties></Esri></metadata>
